{"train_RMSE": 145.34330990580543, "val_RMSE : ": 145.34330990580543, "training_duration": 1.3752288818359375, "inference_latency": -0.00023508071899414062}