{"train_RMSE": 165.9150585107482, "val_RMSE : ": 165.9150585107482, "training_duration": 1.1389920711517334, "inference_latency": -0.00023698806762695312}