{"train_RMSE": 254.6408239437463, "val_RMSE : ": 254.6408239437463, "training_duration": 1.5486090183258057, "inference_latency": -0.00024771690368652344}