{"train_RMSE": 119.40679386816731, "val_RMSE : ": 119.40679386816731, "training_duration": 2.0976099967956543, "inference_latency": -0.0002532005310058594}