{"train_RMSE": 144.52375994105606, "val_RMSE : ": 144.52375994105606, "training_duration": 1.2264392375946045, "inference_latency": -0.0006430149078369141}