{"train_RMSE": 157.65282763877087, "val_RMSE : ": 157.65282763877087, "training_duration": 1.272346019744873, "inference_latency": -0.00024008750915527344}