{"train_RMSE": 164.80181042315647, "val_RMSE : ": 164.80181042315647, "training_duration": 1.4961161613464355, "inference_latency": -0.0002830028533935547}