{"train_RMSE": 284.6131008711651, "val_RMSE : ": 284.6131008711651, "training_duration": 1.3221039772033691, "inference_latency": -0.000247955322265625}