{"train_RMSE": 148.640197130941, "val_RMSE : ": 148.640197130941, "training_duration": 1.2154850959777832, "inference_latency": -0.000247955322265625}