{"train_RMSE": 114.56769969105603, "val_RMSE : ": 114.56769969105603, "training_duration": 1.337116003036499, "inference_latency": -0.0006890296936035156}