{"train_RMSE": 136.87145400657874, "val_RMSE : ": 136.87145400657874, "training_duration": 1.1398570537567139, "inference_latency": -0.0003230571746826172}