{"train_RMSE": 176.80939043748498, "val_RMSE : ": 176.80939043748498, "training_duration": 1.6343398094177246, "inference_latency": -0.00023221969604492188}