{"train_RMSE": 162.309202892966, "val_RMSE : ": 162.309202892966, "training_duration": 1.5024127960205078, "inference_latency": -0.00037026405334472656}