{"train_RMSE": 234.0656959060853, "val_RMSE : ": 234.0656959060853, "training_duration": 1.2944560050964355, "inference_latency": -0.00023603439331054688}