{"train_RMSE": 153.6863943636521, "val_RMSE : ": 153.6863943636521, "training_duration": 1.35611891746521, "inference_latency": -0.0002880096435546875}