{"train_RMSE": 193.11491680797215, "val_RMSE : ": 193.11491680797215, "training_duration": 1.6375560760498047, "inference_latency": -0.00023293495178222656}