{"train_RMSE": 194.25037202345328, "val_RMSE : ": 194.25037202345328, "training_duration": 1.745560884475708, "inference_latency": -0.0003037452697753906}