{"train_RMSE": 162.95537756737272, "val_RMSE : ": 162.95537756737272, "training_duration": 1.9820728302001953, "inference_latency": -0.0017287731170654297}