{"train_RMSE": 70.69676939666338, "val_RMSE : ": 70.69676939666338, "training_duration": 1.1694989204406738, "inference_latency": -0.0004172325134277344}