{"train_RMSE": 197.26171345131826, "val_RMSE : ": 197.26171345131826, "training_duration": 1.2503550052642822, "inference_latency": -0.0002338886260986328}