{"train_RMSE": 220.8792355988901, "val_RMSE : ": 220.8792355988901, "training_duration": 1.4005200862884521, "inference_latency": -0.0002491474151611328}