{"train_RMSE": 175.43844629242474, "val_RMSE : ": 175.43844629242474, "training_duration": 1.466660737991333, "inference_latency": -0.0002460479736328125}