{"train_RMSE": 159.84851837951143, "val_RMSE : ": 159.84851837951143, "training_duration": 1.3072550296783447, "inference_latency": -0.0002422332763671875}