{"train_RMSE": 203.53899158085164, "val_RMSE : ": 203.53899158085164, "training_duration": 1.4189248085021973, "inference_latency": -0.0002777576446533203}