{"train_RMSE": 185.0497082711832, "val_RMSE : ": 185.0497082711832, "training_duration": 1.1416399478912354, "inference_latency": -0.0002319812774658203}