{"train_RMSE": 194.7612821667849, "val_RMSE : ": 194.7612821667849, "training_duration": 1.9010450839996338, "inference_latency": -0.00042176246643066406}