{"train_RMSE": 165.46100371386606, "val_RMSE : ": 165.46100371386606, "training_duration": 1.4418728351593018, "inference_latency": -0.00025177001953125}