{"train_RMSE": 142.6196386481364, "val_RMSE : ": 142.6196386481364, "training_duration": 1.3922390937805176, "inference_latency": -0.0002529621124267578}