{"train_RMSE": 236.85664506722205, "val_RMSE : ": 236.85664506722205, "training_duration": 1.452672004699707, "inference_latency": -0.0002357959747314453}