{"train_RMSE": 150.3860007405942, "val_RMSE : ": 150.3860007405942, "training_duration": 1.7364082336425781, "inference_latency": -0.0003018379211425781}