{"train_RMSE": 164.2505232107344, "val_RMSE : ": 164.2505232107344, "training_duration": 1.2351500988006592, "inference_latency": -0.0002498626708984375}