{"train_RMSE": 187.7983251722443, "val_RMSE : ": 187.7983251722443, "training_duration": 1.3311128616333008, "inference_latency": -0.0003571510314941406}