{"train_RMSE": 141.8566893470308, "val_RMSE : ": 141.8566893470308, "training_duration": 1.5832531452178955, "inference_latency": -0.0004317760467529297}