{"train_RMSE": 177.44430794442238, "val_RMSE : ": 177.44430794442238, "training_duration": 1.4807097911834717, "inference_latency": -0.00024175643920898438}