{"train_RMSE": 158.81799109948156, "val_RMSE : ": 158.81799109948156, "training_duration": 1.20762300491333, "inference_latency": -0.00023603439331054688}