{"train_RMSE": 155.5042139199932, "val_RMSE : ": 155.5042139199932, "training_duration": 1.2651631832122803, "inference_latency": -0.0003497600555419922}