{"train_RMSE": 107.8704011186572, "val_RMSE : ": 107.8704011186572, "training_duration": 1.5683200359344482, "inference_latency": -0.00024819374084472656}