{"train_RMSE": 139.50004200268185, "val_RMSE : ": 139.50004200268185, "training_duration": 1.4753987789154053, "inference_latency": -0.00022792816162109375}