{"train_RMSE": 136.3212543039419, "val_RMSE : ": 136.3212543039419, "training_duration": 1.4187331199645996, "inference_latency": -0.00023412704467773438}