{"train_RMSE": 181.91710208567528, "val_RMSE : ": 181.91710208567528, "training_duration": 1.7333800792694092, "inference_latency": -0.0002319812774658203}