{"train_RMSE": 113.35724175284304, "val_RMSE : ": 113.35724175284304, "training_duration": 1.7778420448303223, "inference_latency": -0.00025200843811035156}