{"train_RMSE": 251.9145440422208, "val_RMSE : ": 251.9145440422208, "training_duration": 1.3327500820159912, "inference_latency": -0.0020668506622314453}