{"train_RMSE": 120.1811742680088, "val_RMSE : ": 120.1811742680088, "training_duration": 1.9097747802734375, "inference_latency": -0.00026297569274902344}