{"train_RMSE": 142.60009505387785, "val_RMSE : ": 142.60009505387785, "training_duration": 1.8363151550292969, "inference_latency": -0.0002319812774658203}