{"train_RMSE": 162.24950645148354, "val_RMSE : ": 162.24950645148354, "training_duration": 2.0518338680267334, "inference_latency": -0.0005600452423095703}