{"train_RMSE": 219.09496014856208, "val_RMSE : ": 219.09496014856208, "training_duration": 1.2321619987487793, "inference_latency": -0.0002338886260986328}