{"train_RMSE": 181.800876218323, "val_RMSE : ": 181.800876218323, "training_duration": 1.5076208114624023, "inference_latency": -0.0005278587341308594}