{"train_RMSE": 159.8014698481369, "val_RMSE : ": 159.8014698481369, "training_duration": 1.2032060623168945, "inference_latency": -0.00023412704467773438}