{"train_RMSE": 133.6959733172619, "val_RMSE : ": 133.6959733172619, "training_duration": 1.3388407230377197, "inference_latency": -0.0002429485321044922}