{"train_RMSE": 112.4644301407116, "val_RMSE : ": 112.4644301407116, "training_duration": 1.6996641159057617, "inference_latency": -0.00025200843811035156}