{"train_RMSE": 168.79119867457544, "val_RMSE : ": 168.79119867457544, "training_duration": 1.2865638732910156, "inference_latency": -0.0004086494445800781}