{"train_RMSE": 154.3372676559359, "val_RMSE : ": 154.3372676559359, "training_duration": 1.2136452198028564, "inference_latency": -0.00023102760314941406}