{"train_RMSE": 237.4072269461273, "val_RMSE : ": 237.4072269461273, "training_duration": 1.1496291160583496, "inference_latency": -0.00023412704467773438}