{"train_RMSE": 0.5694290268240081, "val_RMSE : ": 0.5694290268240081, "training_duration": 1.1755669116973877, "inference_latency": -0.0002319812774658203}