{"train_RMSE": 283.28214457939276, "val_RMSE : ": 283.28214457939276, "training_duration": 1.584561824798584, "inference_latency": -0.0002319812774658203}