{"train_RMSE": 243.4041938063106, "val_RMSE : ": 243.4041938063106, "training_duration": 1.133382797241211, "inference_latency": -0.00022983551025390625}