{"train_RMSE": 231.43384583936725, "val_RMSE : ": 231.43384583936725, "training_duration": 1.2446749210357666, "inference_latency": -0.00039887428283691406}