{"train_RMSE": 159.59793843632505, "val_RMSE : ": 159.59793843632505, "training_duration": 1.371772050857544, "inference_latency": -0.0003361701965332031}