{"train_RMSE": 230.64015024763142, "val_RMSE : ": 230.64015024763142, "training_duration": 1.3151321411132812, "inference_latency": -0.0002970695495605469}