{"train_RMSE": 173.1922872398624, "val_RMSE : ": 173.1922872398624, "training_duration": 1.7471508979797363, "inference_latency": -0.00028634071350097656}