{"train_RMSE": 148.9952809655393, "val_RMSE : ": 148.9952809655393, "training_duration": 2.0979578495025635, "inference_latency": -0.0003211498260498047}