{"train_RMSE": 153.69198600610247, "val_RMSE : ": 153.69198600610247, "training_duration": 1.273338794708252, "inference_latency": -0.0003490447998046875}