{"train_RMSE": 164.63065907129814, "val_RMSE : ": 164.63065907129814, "training_duration": 1.2249200344085693, "inference_latency": -0.0002338886260986328}