{"train_RMSE": 251.00064585325273, "val_RMSE : ": 251.00064585325273, "training_duration": 1.194014072418213, "inference_latency": -0.00023293495178222656}