{"train_RMSE": 193.3423231117543, "val_RMSE : ": 193.3423231117543, "training_duration": 1.3290412425994873, "inference_latency": -0.00031685829162597656}