{"train_RMSE": 241.16577221384463, "val_RMSE : ": 241.16577221384463, "training_duration": 1.2086210250854492, "inference_latency": -0.0002460479736328125}