{"train_RMSE": 153.7428796623603, "val_RMSE : ": 153.7428796623603, "training_duration": 1.6188039779663086, "inference_latency": -0.0019829273223876953}