{"train_RMSE": 164.50993748479146, "val_RMSE : ": 164.50993748479146, "training_duration": 1.506413221359253, "inference_latency": -0.0002307891845703125}