{"train_RMSE": 119.16978843885937, "val_RMSE : ": 119.16978843885937, "training_duration": 1.1516039371490479, "inference_latency": -0.00024890899658203125}