{"train_RMSE": 274.740303514064, "val_RMSE : ": 274.740303514064, "training_duration": 1.4286677837371826, "inference_latency": -0.0002551078796386719}