{"train_RMSE": 256.89710975408036, "val_RMSE : ": 256.89710975408036, "training_duration": 1.6464869976043701, "inference_latency": -0.0002510547637939453}