{"train_RMSE": 154.53761677986367, "val_RMSE : ": 154.53761677986367, "training_duration": 1.2785117626190186, "inference_latency": -0.00022983551025390625}