{"train_RMSE": 240.4134134673022, "val_RMSE : ": 240.4134134673022, "training_duration": 1.3382110595703125, "inference_latency": -0.00024390220642089844}