{"train_RMSE": 158.32170324611215, "val_RMSE : ": 158.32170324611215, "training_duration": 1.2527828216552734, "inference_latency": -0.0002307891845703125}