{"train_RMSE": 135.47983302414423, "val_RMSE : ": 135.47983302414423, "training_duration": 2.1184709072113037, "inference_latency": -0.00028395652770996094}