{"train_RMSE": 185.70028986582116, "val_RMSE : ": 185.70028986582116, "training_duration": 1.2673978805541992, "inference_latency": -0.0003139972686767578}