{"train_RMSE": 147.6325477007865, "val_RMSE : ": 147.6325477007865, "training_duration": 1.14766526222229, "inference_latency": -0.00023102760314941406}