{"train_RMSE": 161.42611506506623, "val_RMSE : ": 161.42611506506623, "training_duration": 1.2440659999847412, "inference_latency": -0.0003750324249267578}