{"train_RMSE": 120.57496938497434, "val_RMSE : ": 120.57496938497434, "training_duration": 1.7227649688720703, "inference_latency": -0.00023174285888671875}