{"train_RMSE": 163.0282399808389, "val_RMSE : ": 163.0282399808389, "training_duration": 1.2805042266845703, "inference_latency": -0.0002498626708984375}