{"train_RMSE": 255.39084630229016, "val_RMSE : ": 255.39084630229016, "training_duration": 1.5370841026306152, "inference_latency": -0.00023293495178222656}