{"train_RMSE": 175.6507543393993, "val_RMSE : ": 175.6507543393993, "training_duration": 1.2299911975860596, "inference_latency": -0.0008120536804199219}