{"train_RMSE": 255.56431125550375, "val_RMSE : ": 255.56431125550375, "training_duration": 2.547171115875244, "inference_latency": -0.0002422332763671875}