{"train_RMSE": 138.0060644614033, "val_RMSE : ": 138.0060644614033, "training_duration": 1.5501940250396729, "inference_latency": -0.00023508071899414062}