{"train_RMSE": 121.38865702645985, "val_RMSE : ": 121.38865702645985, "training_duration": 1.2813968658447266, "inference_latency": -0.0004398822784423828}