{"train_RMSE": 218.9848649878571, "val_RMSE : ": 218.9848649878571, "training_duration": 1.124650001525879, "inference_latency": -0.0003838539123535156}