{"train_RMSE": 170.45166332790654, "val_RMSE : ": 170.45166332790654, "training_duration": 1.271239995956421, "inference_latency": -0.0005991458892822266}