{"train_RMSE": 248.2534617079891, "val_RMSE : ": 248.2534617079891, "training_duration": 1.2965428829193115, "inference_latency": -0.000244140625}