{"train_RMSE": 142.46621721262554, "val_RMSE : ": 142.46621721262554, "training_duration": 1.215806245803833, "inference_latency": -0.00027179718017578125}