{"train_RMSE": 165.2572982030597, "val_RMSE : ": 165.2572982030597, "training_duration": 1.6057181358337402, "inference_latency": -0.0002467632293701172}