{"train_RMSE": 318.8894057898443, "val_RMSE : ": 318.8894057898443, "training_duration": 1.2104761600494385, "inference_latency": -0.0002307891845703125}